id_localidad,nombre,partido,municipio,codigo_postal,latitud,longitud
9374,"1 DE MAYO",CAINGUAS,,3362,-27.1660849,-55.0291653
27564,"17 DE AGOSTO",GUARANI,,3338,,
27556,"2 DE ABRIL",GUARANI,,3338,,
9367,"2 DE MAYO",CAINGUAS,"2 DE MAYO",3364,-27.0197080,-54.6844610
9506,"22 DE DICIEMBRE",IGUAZU,,3378,,
9308,"25 DE MAYO","25 DE MAYO","25 DE MAYO",3363,-27.3776321,-54.7440910
9560,"3 DE MAYO","LIBERTADOR GRAL SAN MARTIN",,3334,-26.7850126,-54.9011510
17003,"9 DE JULIO","25 DE MAYO",,3363,-27.5482537,-54.7610655
9464,"9 DE JULIO KILOMETRO 20",ELDORADO,"9 DE JULIO",3380,-26.4302810,-54.4664670
9309,ACARAGUA,"25 DE MAYO",,3361,,
27550,"ADOLFO J POMAR",CAINGUAS,,3337,,
9310,"ALBA POSSE","25 DE MAYO","ALBA POSSE",3363,-27.5698490,-54.6817055
20452,"ALTA UNION",GUARANI,,3364,,
9605,"APARICIO CUE","SAN IGNACIO",,3322,-27.3086472,-55.4520645
9334,APOSTOLES,APOSTOLES,APOSTOLES,3350,-27.9151306,-55.7543144
9361,"ARISTOBULO DEL VALLE",CAINGUAS,"ARISTOBULO DEL VALLE",3364,-27.0973663,-54.8940315
9442,ARRECHEA,CONCEPCION,,3355,,
20368,ARROYO,CAPITAL,,3300,,
9508,"ARROYO DEL MEDIO","LEANDRO N ALEM","ARROYO DEL MEDIO",3313,-27.6980030,-55.4064790
9577,"ARROYO FEDOR","SAN JAVIER",,3360,,
9509,"ARROYO ISABEL","LEANDRO N ALEM",,3311,,
9376,"ARROYO MAGDALENA",CANDELARIA,,3317,,
9377,"ARROYO PASTORA",CANDELARIA,,3316,-27.3703327,-55.5353851
9443,"ARROYO PERSIGUERO",CONCEPCION,,3355,,
9444,"ARROYO SANTA MARIA",CONCEPCION,,3353,-27.8896338,-55.4263439
9378,"ARROYO TOMAS",CANDELARIA,,3309,,
9335,"ARROYO TUNITAS",APOSTOLES,,3350,,
9606,"ARROYO YABEBIRI","SAN IGNACIO",,3322,,
20520,"ASERRADERO ECHEVERRIA","SAN PEDRO",,3364,,
20521,"ASERRADERO PIÑALITO","SAN PEDRO",,3364,,
9336,AZARA,APOSTOLES,AZARA,3351,-28.0595875,-55.6765747
9379,"BAÑADO GRANDE",CANDELARIA,,3317,,
20348,"BARRA BONITA","25 DE MAYO",,3357,-27.5989584,-54.8436825
9578,"BARRA BONITA",OBERA,,3360,,
9445,"BARRA CONCEPCION",CONCEPCION,,3355,-28.1109522,-55.5820048
9674,BARRACON,"SAN PEDRO",,3364,,
9477,BARRACON,"GENERAL MANUEL BELGRANO",,3366,,
9607,BARRANCON,"SAN IGNACIO",,3322,,
9562,BARRANCON,MONTECARLO,,3384,,
9311,BARTOLITO,"25 DE MAYO",,3363,,
9579,"BAYO TRONCHO",OBERA,,3360,,
27545,BELGRANO,"LEANDRO N ALEM",,3313,,
9380,"BELLA VISTA",CANDELARIA,"CERRO CORA",3309,-27.5175991,-55.5512161
9362,"BERNARDINO RIVADAVIA",CAINGUAS,,3364,,
9478,"BERNARDO DE IRIGOYEN","GENERAL MANUEL BELGRANO","BERNARDO DE IRIGOYEN",3366,-26.2522961,-53.6470550
9381,BONPLAND,CANDELARIA,BONPLAND,3317,-27.4843655,-55.4763832
9382,"BONPLAND NORTE",CANDELARIA,,3318,,
9383,"BRAZO DEL TACUARUZU",CANDELARIA,,3309,,
9446,"BRETES MARTIRES",CONCEPCION,,3355,,
9653,"BUENA VISTA","SAN JAVIER",,3357,,
27766,"CAA YARI","LEANDRO N ALEM","CAA YARI",3315,-27.4807840,-55.2992350
9384,CAAPORA,CANDELARIA,,3316,,
9479,CABURE,"GENERAL MANUEL BELGRANO",,3371,-25.6765728,-54.1376839
9363,CAINGUAS,CAINGUAS,,3364,-27.1896439,-54.5504459
9675,CAMPANA,"SAN PEDRO",,3361,,
9385,"CAMPIÑA DE BONPLAND",CANDELARIA,,3317,,
9386,"CAMPIÑA GRANDE",CANDELARIA,,3309,,
20439,"CAMPIÑAS DE AMERICA","GENERAL MANUEL BELGRANO",,3366,,
20444,"CAMPO ALEGRE","GENERAL MANUEL BELGRANO",,3366,-25.9798744,-53.8243105
9364,"CAMPO GRANDE",CAINGUAS,"CAMPO GRANDE",3362,-27.2081127,-54.9795418
9580,"CAMPO RAMON",OBERA,"CAMPO RAMON",3361,-27.4597759,-55.0278931
9337,"CAMPO RICHARDSON",APOSTOLES,,3350,,
27549,"CAMPO SAN JUAN","LEANDRO N ALEM",,3313,,
9510,"CAMPO TORNQUIST","LEANDRO N ALEM",,3315,,
9581,"CAMPO VIERA",OBERA,"CAMPO VIERA",3362,-27.3322182,-55.0504913
20352,"CAMPOS SALLES","25 DE MAYO",,3363,,
9387,CANDELARIA,CANDELARIA,CANDELARIA,3308,-27.4613724,-55.7476082
9536,CAPIOVI,"LIBERTADOR GRAL SAN MARTIN",CAPIOVI,3332,-26.9287071,-55.0598183
9537,CAPIOVISIÑO,"LIBERTADOR GRAL SAN MARTIN",,3334,,
9487,"CAPITAN ANTONIO MORALES",GUARANI,,3364,,
9538,CAPIVU,"LIBERTADOR GRAL SAN MARTIN",,3332,,
9388,CAPUERON,CANDELARIA,,3309,,
9563,CARAGUATAY,MONTECARLO,CARAGUATAY,3386,-26.6571991,-54.7384905
27583,"CARRIL DE ANTA",CAINGUAS,,3337,,
9338,"CARRILLO VIEJO",APOSTOLES,,3350,,
27585,CASCUDA,CAINGUAS,,3337,-27.0553726,-54.6427147
9493,"CATARATAS DEL IGUAZU",IGUAZU,,3372,-25.6683350,-54.4492798
9339,CENTINELA,APOSTOLES,,3306,,
9511,"CERRO AZUL","LEANDRO N ALEM","CERRO AZUL",3313,-27.6361961,-55.4933090
9389,"CERRO CORA",CANDELARIA,"CERRO CORA",3309,-27.5112074,-55.6061760
9340,CHEROGUITA,APOSTOLES,,3358,,
9341,CHIRIMAY,APOSTOLES,,3350,,
20495,CITRUS,MONTECARLO,,3384,,
9512,"COLONIA ALBERDI","LEANDRO N ALEM",,3311,,
9582,"COLONIA ALBERDI",OBERA,"COLONIA ALBERDI",3361,-27.3569656,-55.2326586
9390,"COLONIA ALEMANA",CANDELARIA,,3309,,
9312,"COLONIA ALICIA","25 DE MAYO",,3363,-27.3792091,-54.3673000
9513,"COLONIA ALMAFUERTE","LEANDRO N ALEM",ALMAFUERTE,3317,-27.5062138,-55.4018892
27769,"COLONIA APARECIDA","25 DE MAYO",,3363,,
9342,"COLONIA APOSTOLES",APOSTOLES,,3350,-28.0175953,-55.7457390
9391,"COLONIA ARISTOBULO DEL VALLE",CANDELARIA,,3317,,
9313,"COLONIA AURORA","25 DE MAYO","COLONIA AURORA",3363,-27.4795580,-54.5154360
20361,"COLONIA AZARA",APOSTOLES,,3350,,
9514,"COLONIA CAAGUAZU","LEANDRO N ALEM",,3315,,
9447,"COLONIA CAPON BONITO",CONCEPCION,,3355,,
20453,"COLONIA CHAFARIZ",GUARANI,,3364,,
9583,"COLONIA CHAPA",OBERA,,3361,,
9654,"COLONIA CUMANDAY","SAN JAVIER",,3357,,
20432,"COLONIA CUNCI",ELDORADO,,3382,,
20433,"COLONIA DELICIA",ELDORADO,"COLONIA DELICIA",3382,-26.2380920,-54.6018100
9608,"COLONIA DOMINGO SAVIO","SAN IGNACIO","SAN IGNACIO",3322,-27.3546876,-55.3368345
20434,"COLONIA DURAN",ELDORADO,,3382,,
9314,"COLONIA EL DORADILLO","25 DE MAYO",,3363,,
20445,"COLONIA EL PESADO","GENERAL MANUEL BELGRANO",,3366,,
9315,"COLONIA EL PROGRESO","25 DE MAYO",,3363,-27.3769233,-54.4355075
9515,"COLONIA FINLANDESA","LEANDRO N ALEM",,3317,-27.4721285,-55.3530660
20514,"COLONIA FLORIDA",OBERA,,3384,,
20522,"COLONIA FORTALEZA","SAN PEDRO",,3364,,
20523,"COLONIA GRAMADO","SAN PEDRO",,3364,,
9392,"COLONIA GUARANI",CANDELARIA,,3309,,
9609,"COLONIA JAPONESA","SAN IGNACIO",,3328,-27.2557430,-55.4680061
20524,"COLONIA JUANITA","SAN PEDRO",,3364,,
20526,"COLONIA LA CHILLITA","SAN PEDRO",,3364,,
20527,"COLONIA LA GRUTA","SAN PEDRO",,3364,,
27767,"COLONIA LA NUEVA",GUARANI,,3364,,
9539,"COLONIA LA OTILIA","LIBERTADOR GRAL SAN MARTIN",,3332,,
20528,"COLONIA LA POLACA","SAN PEDRO",,3364,,
9610,"COLONIA LEIVA","SAN IGNACIO",,3326,,
9480,"COLONIA MANUEL BELGRANO","GENERAL MANUEL BELGRANO",,3316,,
9448,"COLONIA MARTIR SANTA MARIA",CONCEPCION,,3355,,
9393,"COLONIA MARTIRES",CANDELARIA,MARTIRES,3318,-27.4188650,-55.3777940
20529,"COLONIA MONDORI","SAN PEDRO",,3364,,
9611,"COLONIA ÑACANGAZU","SAN IGNACIO",,3328,,
9540,"COLONIA ORO VERDE","LIBERTADOR GRAL SAN MARTIN",,3334,-26.8736958,-55.1079537
20530,"COLONIA PADUAN","SAN PEDRO",,3364,,
20532,"COLONIA PALMERA","SAN PEDRO",,3364,,
9516,"COLONIA POLACA","LEANDRO N ALEM",,3313,,
9612,"COLONIA POLANA","SAN IGNACIO","COLONIA POLANA",3326,-26.9797040,-55.3217467
20454,"COLONIA PRIMAVERA",GUARANI,,3364,-27.1290768,-54.1513528
9394,"COLONIA PROFUNDIDAD",CANDELARIA,,3308,,
20533,"COLONIA PUERTO ROSALES","SAN PEDRO",,3364,,
9613,"COLONIA ROCA","SAN IGNACIO",,3327,,
9614,"COLONIA ROCA CHICA","SAN IGNACIO",,3322,,
9615,"COLONIA SAN IGNACIO","SAN IGNACIO",,3322,,
9449,"COLONIA SAN JAVIER",CONCEPCION,,3355,,
9450,"COLONIA SANTA MARIA",CONCEPCION,"SANTA MARIA",3353,-27.9292850,-55.4120570
20496,"COLONIA SANTA TERESA",MONTECARLO,,3384,-26.4961467,-54.5884248
9365,"COLONIA SEGUI",CAINGUAS,,3361,,
20534,"COLONIA SIETE ESTRELLAS","SAN PEDRO",,3364,,
20492,"COLONIA TARANCO","LEANDRO N ALEM",,3315,,
20447,"COLONIA TRES MARIAS","GENERAL MANUEL BELGRANO",,3366,,
9465,"COLONIA VICTORIA",ELDORADO,"COLONIA VICTORIA",3382,-26.3293114,-54.6199684
9584,"COLONIA YABEBIRI",OBERA,,3316,,
9616,"COLONIA YACUTINGA","SAN IGNACIO",,3317,,
9476,"COMANDANTE ANDRESITO","GENERAL MANUEL BELGRANO",ANDRESITO,3366,-25.6674361,-54.0456435
9451,"CONCEPCION DE LA SIERRA",CONCEPCION,"CONCEPCION DE LA SIERRA",3355,-27.9785080,-55.5204391
9617,CORPUS,"SAN IGNACIO",CORPUS,3327,-27.1270237,-55.5077553
9655,"COSTA PORTERA","SAN JAVIER",,3357,,
9676,"CRUCE CABALLERO","SAN PEDRO",,3364,-26.5379470,-53.9437325
20456,"CRUCE LONDERO",GUARANI,,3364,,
9541,"CUÑA PIRU","LIBERTADOR GRAL SAN MARTIN",,3334,,
20465,"CUÑA PORA",GUARANI,,3364,,
9419,DAMUS,CAPITAL,,3306,,
9481,DESEADO,"GENERAL MANUEL BELGRANO",,3384,-25.7868233,-54.0386706
9316,DESPLAYADA,"25 DE MAYO",,3363,,
9366,"DESTACAMENTO BOSQUES",CAINGUAS,,3362,,
9420,"DOMINGO BARTHE",CAPITAL,,3304,,
20370,"DON HORACIO",CAPITAL,,3300,,
20511,"DOÑA MARIA",OBERA,,3360,,
27553,DORADITO,CAINGUAS,,3337,,
9517,"DOS ARROYOS","LEANDRO N ALEM","DOS ARROYOS",3315,-27.6941710,-55.2587800
9307,"DOS HERMANAS","GENERAL MANUEL BELGRANO",,3366,-26.2918654,-53.7575832
9618,"EL 26","SAN IGNACIO",,3326,,
9542,"EL ALCAZAR","LIBERTADOR GRAL SAN MARTIN","EL ALCAZAR",3384,-26.7158360,-54.8139488
9518,"EL CHATON","LEANDRO N ALEM",,3315,-27.6155589,-55.2264481
9619,"EL DESTIERRO","SAN IGNACIO",,3326,-27.0754662,-55.4435005
27560,"EL LAPACHO",GUARANI,,3338,,
9317,"EL MACACO","25 DE MAYO",,3363,,
9677,"EL PARAISO","SAN PEDRO",,3351,,
9452,"EL PERSIGUERO",CONCEPCION,,3355,,
9482,"EL PORVENIR","GENERAL MANUEL BELGRANO",,3374,,
9343,"EL RANCHO",APOSTOLES,,3358,,
20371,"EL REPOSO",CAPITAL,,3300,,
9318,"EL SALTIÑO","25 DE MAYO",,3363,,
9319,"EL SALTITO","25 DE MAYO",,3363,-27.1997486,-54.6539026
9489,"EL SOBERBIO",GUARANI,"EL SOBERBIO",3364,-27.2977850,-54.1989117
20466,"EL SOCORRO",GUARANI,,3364,-26.8463608,-54.3676321
9368,"EL TIGRE",CAINGUAS,,3364,-27.2695694,-54.9503593
9620,"EL TRIUNFO","SAN IGNACIO",,3322,,
20372,"EL TROPEZON",CAPITAL,,3300,,
9466,ELDORADO,ELDORADO,ELDORADO,3380,-26.4086212,-54.6238428
9344,"ENSANCHE ESTE",APOSTOLES,,3350,,
9345,"ENSANCHE NORTE",APOSTOLES,,3350,,
9346,"ESTACION APOSTOLES",APOSTOLES,APOSTOLES,3358,-27.9113483,-55.8081169
9621,"ESTACION EXPERIMENTAL DE LORET","SAN IGNACIO",,3322,,
20373,"ESTANCIA ITAEMBE",CAPITAL,,3300,,
20497,"ESTANCIA SANTA RITA",MONTECARLO,,3384,,
9421,FACHINAL,CAPITAL,FACHINAL,3304,-27.6300000,-55.7038890
20355,"FILEMON POSSE","25 DE MAYO",,3363,,
9585,"FLORENTINO AMEGHINO","SAN JAVIER","FLORENTINO AMEGHINO",3361,-27.6349580,-55.0877550
9490,FRACRAN,GUARANI,,3364,-26.7401514,-54.3000440
27571,"FRAGA CUE","SAN JAVIER",,3353,,
9656,FRANCES,"SAN JAVIER",,3357,,
27565,"FRAY LUIS BELTRAN",GUARANI,,3338,-27.3761127,-54.2763191
27551,FRIGO,CAINGUAS,,3337,,
9369,FRONTERAS,CAINGUAS,,3364,,
9543,GARUHAPE,"LIBERTADOR GRAL SAN MARTIN",GARUHAPE,3334,-26.8167858,-54.9570885
9422,GARUPA,CAPITAL,GARUPA,3304,-27.4809265,-55.8288193
9423,"GARUPA NORTE",CAPITAL,,3304,,
9586,"GENERAL ALVEAR",OBERA,"GENERAL ALVEAR",3361,-27.4228670,-55.1702710
27849,"GENERAL URQUIZA","SAN IGNACIO","GENERAL URQUIZA",3326,-27.1077320,-55.3737660
9495,"GOBERNADOR LANUSSE",IGUAZU,,3376,,
9527,"GOBERNADOR LOPEZ","LEANDRO N ALEM","GOBERNADOR LOPEZ",3315,-27.6615250,-55.2124460
9622,"GOBERNADOR ROCA","SAN IGNACIO","GOBERNADOR ROCA",3324,-27.1920749,-55.4698875
9519,"GRAL GUEMES","LEANDRO N ALEM",,3313,,
20457,GUAIBICHU,GUARANI,,3364,,
9587,GUARANI,OBERA,GUARANI,3361,-27.5041256,-55.1732368
9564,GUARAYPO,MONTECARLO,,3384,,
9588,GUAYABERA,OBERA,,3361,-27.3929091,-55.1227704
9657,GUERRERO,"SAN JAVIER",,3357,,
9623,HEKENAN,"SAN IGNACIO",,3327,,
9624,"HIPOLITO YRIGOYEN","SAN IGNACIO","HIPOLITO YRIGOYEN",3328,-27.0840816,-55.2951126
27579,INDUMAR,CAINGUAS,,3337,-27.1448448,-54.6170274
27580,INTEGRACION,CAINGUAS,,3337,,
9483,INTEGRACION,"GENERAL MANUEL BELGRANO",,3366,-25.7724726,-53.8522975
9658,"INVERNADA CHICA","SAN JAVIER",,3353,-27.8116989,-55.2843437
20519,"INVERNADA DE ITACARUARE","SAN JAVIER",,3353,-27.7985132,-55.2757944
9659,"INVERNADA GRANDE","SAN JAVIER",,3353,-27.7709847,-55.2387428
9625,"INVERNADA SAN IGNACIO","SAN IGNACIO",,3322,,
9626,"ISLA ARGENTINA","SAN IGNACIO",,3353,,
9565,"ITA CURUZU",MONTECARLO,,3384,,
9660,ITACARUARE,"SAN JAVIER",ITACARUARE,3353,-27.8705903,-55.2608404
20374,"ITAEMBE MINI",CAPITAL,,3300,,
9627,"JARDIN AMERICA","SAN IGNACIO","JARDIN AMERICA",3328,-27.0396996,-55.2322350
27581,"JUAN DOMINGO PERON",CAINGUAS,,3337,,
9468,"KILOMETRO 10",ELDORADO,,3380,,
9370,"KILOMETRO 17 RUTA 8",CAINGUAS,,3362,,
20493,"KILOMETRO 26","LEANDRO N ALEM",,3315,,
9661,"KILOMETRO 26","SAN JAVIER",,3357,,
20468,"KILOMETRO 286",GUARANI,,3364,,
20498,"KILOMETRO 34",MONTECARLO,,3384,,
9589,"KILOMETRO 4",OBERA,,3361,,
9424,"KILOMETRO 538",CAPITAL,,3306,,
9425,"KILOMETRO 546",CAPITAL,,3306,,
9426,"KILOMETRO 577",CAPITAL,,3304,,
20379,"KILOMETRO 595",CAPITAL,,3300,,
20500,"KILOMETRO 60",MONTECARLO,,3384,,
9662,"KILOMETRO 78","SAN JAVIER",,3315,,
9590,"KILOMETRO 8",OBERA,,3361,,
27589,"KM 1230",CAINGUAS,,3337,,
27590,"KM 1246",CAINGUAS,,3337,,
27591,"KM 1247",CAINGUAS,,3337,,
27562,"KM 18",GUARANI,,3338,,
27588,KM1228,CAINGUAS,,3337,,
27567,"LA BONITA",GUARANI,,3338,-27.0472528,-54.1149425
9347,"LA CAPILLA",APOSTOLES,,3350,-27.8738451,-55.6219917
27768,"LA FLOR",GUARANI,,3364,,
9628,"LA HORQUETA","SAN IGNACIO",,3322,,
9395,"LA INVERNADA",CANDELARIA,,3309,-27.4685247,-55.5907941
20381,"LA MILAGROSA",CAPITAL,,3300,,
20502,"LA MISIONERA",MONTECARLO,,3384,,
9629,"LA OTILIA","SAN IGNACIO",,3328,,
9496,"LA PLANTADORA",IGUAZU,,3322,,
20504,"LA POSTA",MONTECARLO,,3384,,
20427,"LA ROTONDA",CAPITAL,,3300,,
27586,LAPACHO,CAINGUAS,,3337,,
9566,LARRAQUE,MONTECARLO,,3384,,
27572,"LAS BANANERAS","SAN JAVIER",,3353,,
27555,"LAS FLORES",GUARANI,,3338,,
27575,"LAS MANDARINAS","SAN JAVIER",,3353,,
20458,"LAS MERCEDES",GUARANI,,3364,-27.1697458,-54.3475964
9396,"LAS QUEMADAS",CANDELARIA,,3309,-27.5457592,-55.6155052
9348,"LAS TUNAS",APOSTOLES,,3350,-27.9576329,-55.6611985
20385,"LAS VERTIENTES",CAPITAL,,3300,,
9520,"LEANDRO N ALEM","LEANDRO N ALEM","LEANDRO N ALEM",3315,-27.6006813,-55.3230972
27563,LECHUZA,GUARANI,,3338,,
9497,LIBERTAD,IGUAZU,"PUERTO LIBERTAD",3374,-25.9218197,-54.5843201
9544,"LINEA CUCHILLA","LIBERTADOR GRAL SAN MARTIN",,3334,,
9567,"LINEA DE PERAY",MONTECARLO,,3384,,
27554,"LOMA PORA",CAINGUAS,,3337,,
9397,LORETO,CANDELARIA,LORETO,3316,-27.3296010,-55.5228090
9663,"LOS GALPONES","SAN JAVIER",,3353,-27.7958868,-55.1940887
9591,"LOS HELECHOS",OBERA,"LOS HELECHOS",3361,-27.5531850,-55.0778230
9545,"LOS TEALES","LIBERTADOR GRAL SAN MARTIN",,3328,,
20367,"LOTE 117",CANDELARIA,,3317,,
9349,"LOTE 117",APOSTOLES,,3351,,
9398,"LOTE 12",CANDELARIA,,3316,,
9630,"LOTE 25","SAN IGNACIO",,3327,,
9631,"LOTE 5","SAN IGNACIO",,3318,,
20469,LUJAN,GUARANI,,3364,,
20506,MACACA,MONTECARLO,,3384,,
20507,MACACO,MONTECARLO,,3384,,
9664,MACHADIÑO,"SAN JAVIER",,3353,,
9320,"MAI BAO","25 DE MAYO",,3363,,
9427,MANANTIALES,CAPITAL,,3306,,
9632,MANIS,"SAN IGNACIO",,3327,,
27558,"MANUEL BELGRANO",GUARANI,,3338,,
9633,"MARIA ANTONIA","SAN IGNACIO",,3322,,
9469,"MARIA MAGDALENA",ELDORADO,,3381,-26.2380924,-54.6018096
27557,"MARIANO MORENO",GUARANI,,3338,-27.3663890,-54.2272390
9561,MBOPICUA,"LIBERTADOR GRAL SAN MARTIN","PUERTO RICO",3332,-26.8688622,-55.0456505
9521,MECKING,"LEANDRO N ALEM",,3315,,
20459,"MESA REDONDA",GUARANI,,3364,,
20460,"MIGUEL GUEMES",GUARANI,,3364,,
9428,"MIGUEL LANUS",CAPITAL,POSADAS,3304,-27.4280640,-55.8795810
27552,MILAGRO,CAINGUAS,,3337,,
20461,MOCONA,GUARANI,,3364,,
9665,"MOJON GRANDE","SAN JAVIER","MOJON GRANDE",3315,-27.7087002,-55.1562424
9350,"MONTE HERMOSO",APOSTOLES,,3351,,
9491,MONTEAGUDO,GUARANI,,3364,-27.2845498,-54.0962468
9568,MONTECARLO,MONTECARLO,MONTECARLO,3384,-26.5655499,-54.7638817
9399,"NACIENTES DEL ISABEL",CANDELARIA,,3309,,
9351,"NACIENTES DEL TUNAR",APOSTOLES,,3350,,
9429,"NUEVA VALENCIA",CAPITAL,,3306,,
9634,OASIS,"SAN IGNACIO",,3328,-26.9708360,-55.2491782
9592,OBERA,OBERA,OBERA,3360,-27.4863491,-55.1204491
9635,OBLIGADO,"SAN IGNACIO",,3327,,
9453,"OJO DE AGUA",CONCEPCION,,3328,,
9522,"OLEGARIO VICTOR ANDRADE","LEANDRO N ALEM","OLEGARIO VICTOR ANDRADE",3311,-27.5658220,-55.5017254
9523,"ONCE VUELTAS","LEANDRO N ALEM",,3315,,
9636,OTILIA,"SAN IGNACIO",,3328,,
9593,PANAMBI,OBERA,PANAMBI,3361,-27.7254200,-54.9137573
9430,"PARADA LEIS",CAPITAL,,3306,-27.5986538,-55.8373222
20471,PARAISO,GUARANI,,3364,,
20448,"PARAJE AZOPARDO","GENERAL MANUEL BELGRANO",,3366,,
20441,"PARAJE DOS HERMANAS",OBERA,,3360,,
20440,"PARAJE ESTELINA","GENERAL MANUEL BELGRANO",,3366,,
20442,"PARAJE GRANADO","GENERAL MANUEL BELGRANO",,3366,,
20443,"PARAJE INTERCONTINENTAL","GENERAL MANUEL BELGRANO",,3366,,
9371,"PARAJE LUCERO",CAINGUAS,,3364,,
20450,"PARAJE VILLA UNION","GENERAL MANUEL BELGRANO",,3366,,
9569,PARANAY,MONTECARLO,,3386,,
9454,"PASO DEL ARROYO PERSIGUERO",CONCEPCION,,3355,,
9455,"PASO PORTEÑO",CONCEPCION,,3355,-28.0277882,-55.5173035
9637,PASTOREO,"SAN IGNACIO",,3322,-27.3196171,-55.3953642
9470,"PATI CUA",ELDORADO,,3382,,
20387,"PEDRO NUÑEZ",CAPITAL,,3300,,
9456,PERSIGUERO,CONCEPCION,,3355,,
9524,"PICADA BELGRANO","LEANDRO N ALEM",,3315,-27.6423802,-55.3940491
9525,"PICADA BONPLAND","LEANDRO N ALEM",,3315,,
9526,"PICADA ESPAÑOLA","LEANDRO N ALEM",,3315,,
9400,"PICADA FINLANDESA",CANDELARIA,,3317,,
9528,"PICADA IGLESIA","LEANDRO N ALEM",,3315,,
9529,"PICADA LIBERTAD","LEANDRO N ALEM",,3315,,
27561,"PICADA MANDARINA",GUARANI,,3338,,
9530,"PICADA POLACA","LEANDRO N ALEM",,3313,-27.6034506,-55.4664606
9401,"PICADA PORTUGUESA",CANDELARIA,,3317,,
9531,"PICADA POZO FEO","LEANDRO N ALEM",,3315,,
9532,"PICADA RUSA","LEANDRO N ALEM",,3315,,
9533,"PICADA SAN JAVIER","LEANDRO N ALEM",,3315,,
9402,"PICADA SAN JAVIER",CANDELARIA,,3317,,
9666,"PICADA SAN JAVIER","SAN JAVIER",,3353,-27.7669561,-55.2502561
9403,"PICADA SAN MARTIN",CANDELARIA,,3317,,
9594,"PICADA SAN MARTIN",OBERA,,3360,,
9595,"PICADA SUECA",OBERA,,3361,,
9534,"PICADA SUR MECKING","LEANDRO N ALEM",,3315,,
9596,"PICADA YAPEYU",OBERA,,3361,-27.6162435,-55.1776418
9484,"PIÑALITO NORTE","GENERAL MANUEL BELGRANO",,3366,-25.9269854,-53.9254399
9485,"PIÑALITO SUR","GENERAL MANUEL BELGRANO",,3366,,
9372,PINDAITI,CAINGUAS,,3364,,
9352,PINDAPOY,APOSTOLES,,3306,-27.7474272,-55.7932486
9373,PINDAYTI,CAINGUAS,,3364,,
9678,"PIRAY MINI","SAN PEDRO",,3366,,
20474,"PLANCHADA BANDERITA",IGUAZU,,3370,,
21476,POSADAS,CAPITAL,POSADAS,3300,-27.3796749,-55.8988686
27950,"POZO AZUL","SAN PEDRO","POZO AZUL",3364,-26.3469505,-54.1500201
9404,PROFUNDIDAD,CANDELARIA,PROFUNDIDAD,3308,-27.5585200,-55.7034470
27765,"PUEBLO ILLIA",CAINGUAS,,3337,-27.1485153,-54.5624940
9597,"PUEBLO SALTO",OBERA,,3360,,
9432,"PUENTE NACIONAL",CAPITAL,,3306,,
9498,"PUERTO AGUIRRE",IGUAZU,,3370,,
9570,"PUERTO ALCAZAR",MONTECARLO,,3386,,
9322,"PUERTO ALICIA","25 DE MAYO",,3363,,
9323,"PUERTO AURORA","25 DE MAYO",,3363,,
9571,"PUERTO AVELLANEDA",MONTECARLO,,3384,-26.6297722,-54.7794342
20366,"PUERTO AZARA",APOSTOLES,,3350,,
9499,"PUERTO BEMBERG",IGUAZU,,3374,,
9500,"PUERTO BOSSETTI",IGUAZU,,3374,,
20475,"PUERTO CANOAS",IGUAZU,,3370,-25.7066212,-54.4216690
9572,"PUERTO CARAGUATAY",MONTECARLO,,3386,-26.6046734,-54.7755699
9501,"PUERTO CAROLINA",IGUAZU,,3370,,
9638,"PUERTO CAZADOR","SAN IGNACIO",,3327,,
9639,"PUERTO CHUÑO","SAN IGNACIO",,3322,,
9457,"PUERTO CONCEPCION",CONCEPCION,,3355,,
9471,"PUERTO DELICIA",ELDORADO,,3381,,
9640,"PUERTO DOCE","SAN IGNACIO",,3327,,
20438,"PUERTO EL DORADO",ELDORADO,,3382,,
9502,"PUERTO ERRECABORDE",IGUAZU,,3374,-25.8898830,-54.6081543
9641,"PUERTO ESPAÑA","SAN IGNACIO","GENERAL URQUIZA",3326,-27.0422313,-55.4381233
9494,"PUERTO ESPERANZA",IGUAZU,"PUERTO ESPERANZA",3378,-26.0222778,-54.6139221
9642,"PUERTO GISELA","SAN IGNACIO",,3326,-27.0209502,-55.3676005
9643,"PUERTO HARDELASTE","SAN IGNACIO",,3327,,
9503,"PUERTO IGUAZU",IGUAZU,"PUERTO IGUAZU",3370,-25.6104450,-54.5723534
9546,"PUERTO INGENIERO MORANDI","LIBERTADOR GRAL SAN MARTIN",,3332,,
9324,"PUERTO INSUA","25 DE MAYO",,3363,,
9405,"PUERTO LA MINA",CANDELARIA,,3308,,
9573,"PUERTO LAHARRAGUE",MONTECARLO,,3384,-26.5015545,-54.7543335
9547,"PUERTO LEONI","LIBERTADOR GRAL SAN MARTIN","PUERTO LEONI",3332,-26.9650078,-55.1606255
20472,"PUERTO LIBERTAD",IGUAZU,"PUERTO LIBERTAD",3370,-25.9216710,-54.5821210
9325,"PUERTO LONDERO","25 DE MAYO",,3363,-27.4006111,-54.4058372
20423,"PUERTO LUJAN",CAPITAL,,3300,,
20435,"PUERTO MADO",ELDORADO,,3382,-26.2310899,-54.6247147
9548,"PUERTO MBOPICUA","LIBERTADOR GRAL SAN MARTIN",,3334,,
9644,"PUERTO MENOCHIO","SAN IGNACIO",,3326,,
9549,"PUERTO MINERAL","LIBERTADOR GRAL SAN MARTIN",,3332,-26.9540046,-55.1290996
9645,"PUERTO NARANJITO","SAN IGNACIO",,3326,-27.0112318,-55.2844693
20516,"PUERTO NUEVO","SAN IGNACIO",,3322,-26.9722786,-55.3773499
9550,"PUERTO ORO VERDE","LIBERTADOR GRAL SAN MARTIN",,3334,,
20462,"PUERTO PARAISO",GUARANI,,3364,,
9551,"PUERTO PARANAY","LIBERTADOR GRAL SAN MARTIN",,3384,,
20436,"PUERTO PATICAA",ELDORADO,,3382,,
20476,"PUERTO PAULITO",IGUAZU,,3370,,
9504,"PUERTO PENINSULA",IGUAZU,,3370,-25.6790504,-54.6466866
9472,"PUERTO PINARES",ELDORADO,ELDORADO,3382,-26.4293442,-54.6930389
9574,"PUERTO PIRAY",MONTECARLO,"PUERTO PIRAY",3381,-26.4696865,-54.7137108
9552,"PUERTO RICO","LIBERTADOR GRAL SAN MARTIN","PUERTO RICO",3334,-26.8085894,-55.0229137
9667,"PUERTO ROSARIO","SAN JAVIER",,3357,-27.7888889,-55.0133591
9668,"PUERTO RUBEN","SAN JAVIER",,3357,,
9669,"PUERTO SALTIÑO","SAN JAVIER",,3357,,
9553,"PUERTO SAN ALBERTO","LIBERTADOR GRAL SAN MARTIN",,3334,,
9646,"PUERTO SAN IGNACIO","SAN IGNACIO",,3322,,
9458,"PUERTO SAN LUCAS",CONCEPCION,,3355,-28.0332829,-55.4891314
9326,"PUERTO SAN MARTIN","25 DE MAYO",,3363,,
9647,"PUERTO TABAY","SAN IGNACIO",,3328,-26.9921694,-55.2349893
9554,"PUERTO TIGRE","LIBERTADOR GRAL SAN MARTIN",,3334,,
9505,"PUERTO URUGUAY",IGUAZU,,3370,,
9473,"PUERTO VICTORIA",ELDORADO,,3382,,
9648,"PUERTO VIEJO","SAN IGNACIO",,3322,,
20480,"PUERTO WANDA",IGUAZU,,3370,-25.9667040,-54.5929422
9649,"PUERTO YABEBIRI","SAN IGNACIO",,3322,,
20478,"PUERTO YACUY",IGUAZU,,3370,,
9406,"RINCON DE BONPLAND",CANDELARIA,,3317,,
9433,"RINCON DE BUGRES",CAPITAL,,3306,,
9353,"RINCON DE CHIMTRAY",APOSTOLES,,3350,,
9670,"RINCON DE LOPEZ","SAN JAVIER",,3353,,
9671,"RINCON DEL GUERRERO","SAN JAVIER",,3357,-27.7575291,-55.2129534
20463,"RIO YABOTAY",GUARANI,,3364,,
9650,"ROCA CHICA","SAN IGNACIO",,3324,-27.2143687,-55.4202790
9407,"RUINAS DE LORETO",CANDELARIA,,3316,,
9555,"RUIZ DE MONTOYA","LIBERTADOR GRAL SAN MARTIN","RUIZ DE MONTOYA",3334,-26.9690257,-55.0606050
9375,"SALTO ENCANTADO",CAINGUAS,"ARISTOBULO DEL VALLE",3364,-27.0857925,-54.8332901
9598,SAMAMBAYA,OBERA,,3361,,
9556,"SAN ALBERTO","LIBERTADOR GRAL SAN MARTIN",,3334,-26.8048950,-54.9881508
9434,"SAN ANDRES",CAPITAL,,3304,-27.6407776,-55.7654954
9486,"SAN ANTONIO","GENERAL MANUEL BELGRANO","SAN ANTONIO",3366,-26.0569019,-53.7336693
9327,"SAN CARLOS","25 DE MAYO",,3363,-27.2718983,-54.4936371
9328,"SAN FRANCISCO DE ASIS","25 DE MAYO",,3363,-27.4597787,-54.7478069
9557,"SAN GOTARDO","LIBERTADOR GRAL SAN MARTIN",,3332,-26.9225122,-55.1238743
9651,"SAN IGNACIO","SAN IGNACIO","SAN IGNACIO",3322,-27.2557621,-55.5335121
9435,"SAN ISIDRO",CAPITAL,,3300,,
9459,"SAN ISIDRO",CONCEPCION,,3355,-28.0344028,-55.4115944
9672,"SAN JAVIER","SAN JAVIER","SAN JAVIER",3357,-27.8745079,-55.1351318
9354,"SAN JOSE",APOSTOLES,"SAN JOSE",3306,-27.7700386,-55.7832489
9436,"SAN JUAN",CAPITAL,,3306,,
9355,"SAN JUAN DE LA SIERRA",APOSTOLES,,3306,,
9460,"SAN LUCAS",CONCEPCION,,3355,,
9599,"SAN MARTIN",OBERA,"SAN MARTIN",3360,-27.4618129,-55.2783441
9558,"SAN MIGUEL","LIBERTADOR GRAL SAN MARTIN",,3334,-26.8533367,-54.8892924
9679,"SAN PEDRO","SAN PEDRO","SAN PEDRO",3364,-26.6224480,-54.1117477
9559,"SAN SEBASTIAN","LIBERTADOR GRAL SAN MARTIN",,3334,,
9492,"SAN VICENTE",GUARANI,"SAN VICENTE",3364,-27.0032024,-54.4814644
9408,"SANTA ANA",CANDELARIA,"SANTA ANA",3316,-27.3696671,-55.5827827
9437,"SANTA INES",CAPITAL,,3304,-27.5070059,-55.8548855
9461,"SANTA MARIA LA MAYOR",CONCEPCION,,3355,,
9462,"SANTA MARIA MARTIR",CONCEPCION,,3355,,
9329,"SANTA RITA","25 DE MAYO","ALBA POSSE",3363,-27.5241814,-54.7265205
20536,"SANTA ROSA","SAN PEDRO",,3364,-26.4369125,-53.8786240
9474,"SANTIAGO DE LINIERS",ELDORADO,"SANTIAGO DE LINIERS",3381,-26.3905866,-54.3947099
9652,"SANTO PIPO","SAN IGNACIO","SANTO PIPO",3326,-27.1407580,-55.4100172
20473,"SEGUNDA ZONA",IGUAZU,,3374,,
20515,"SIERRA DE ORO",OBERA,,3360,,
9438,"SIERRA DE SAN JOSE",CAPITAL,,3306,,
9356,"SIERRAS SAN JUAN",APOSTOLES,,3306,,
9409,"SOL DE MAYO",CANDELARIA,,3308,,
27582,"SOL NACIENTE",CAINGUAS,,3337,,
20517,TACUARA,"SAN IGNACIO",,3322,-27.2739425,-55.2555760
9410,TACUARUZU,CANDELARIA,,3309,-27.6059095,-55.6420637
9575,TARUMA,MONTECARLO,,3386,-26.7282098,-54.7278210
9411,TEYUGUARE,CANDELARIA,,3322,,
9357,TIGRE,APOSTOLES,,3350,,
9412,TIMBAUBA,CANDELARIA,,3317,,
20481,TIRICA,IGUAZU,,3370,-25.9651124,-54.3903933
9680,TOBUNAS,"SAN PEDRO",,3364,-26.4571152,-53.8815613
9439,TORORO,CAPITAL,,3306,,
9330,"TORTA QUEMADA","25 DE MAYO",,3363,-27.3184856,-54.6363145
9413,"TRATADO DE PAZ",CANDELARIA,,3317,,
9331,"TRES BOCAS","25 DE MAYO",,3363,,
9358,"TRES CAPONES",APOSTOLES,"TRES CAPONES",3353,-28.0026588,-55.6054192
9673,"TRES ESQUINAS","SAN JAVIER",,3357,-27.8306370,-55.1816025
9600,"VILLA ARMONIA",OBERA,,3361,,
9601,"VILLA BLANQUITA",OBERA,,3360,,
9602,"VILLA BONITA",OBERA,"CAMPO RAMON",3361,-27.4844445,-54.9579261
20537,"VILLA DON BOSCO","SAN PEDRO",,3364,-26.6188105,-54.1541004
20428,"VILLA EMILIA",CAPITAL,,3300,,
27644,"VILLA ERRECABORDE",APOSTOLES,,3350,,
20479,"VILLA FLOR",IGUAZU,,3370,,
27547,"VILLA INTA","LEANDRO N ALEM",,3313,,
9440,"VILLA LANUS",CAPITAL,,3300,,
9535,"VILLA LIBERTAD","LEANDRO N ALEM",,3315,-27.5583422,-55.3160862
20508,"VILLA OJO DE AGUA",MONTECARLO,,3384,,
27645,"VILLA ORTIZ PEREIRA",APOSTOLES,,3358,,
9475,"VILLA ROULET",ELDORADO,,3382,-26.4422595,-54.6405735
20512,"VILLA SARUBBI",OBERA,,3360,,
9603,"VILLA SVEA",OBERA,,3361,,
20513,"VILLA UNION",OBERA,,3384,-27.5078049,-54.9285120
9414,"VILLA VENECIA",CANDELARIA,,3309,-27.5694878,-55.5839420
9332,"VILLA VILMA","25 DE MAYO",,3363,,
9333,VILLAFAÑE,"25 DE MAYO",,3363,,
9441,VILLALONGA,CAPITAL,,3300,,
27566,"VIRGEN DE LOURDES",GUARANI,,3338,,
9507,WANDA,IGUAZU,WANDA,3376,-25.9721050,-54.5706863
9415,YABEBIRI,CANDELARIA,,3308,,
9416,YACUTINGA,CANDELARIA,,3308,,
9604,"YAPEYU CENTRO",OBERA,,3361,,
9417,"YERBAL MAMBORETA",CANDELARIA,,3316,,
